<?xml version="1.0" encoding="UTF-8"?>
<!DOCTYPE coverity SYSTEM "coverity_config.dtd">
<coverity>
<!-- THIS FILE IS AUTOMATICALLY GENERATED - YOU MAY ADD XML ENTITIES -->
<!-- TO UPDATE THE COMPILER CONFIGURATION AFTER THE begin_command_line_config ENTITY. -->

    <cit_version>1</cit_version>
    <config>
      <build>
        <compiler>
          <comp_name>cov-buildless-capture-python-0</comp_name>
          <comp_translator>python</comp_translator>
          <comp_lang>Non Compiled</comp_lang>
          <comp_front_end>cov-internal-emit-misc</comp_front_end>
          <comp_desc>Python Buildless Capture</comp_desc>
          <comp_generic>python</comp_generic>
          <id>python-cov-buildless-capture-python-0-db451006e657808962db5d9fbd94fc77-0</id>
          <is_compiler>true</is_compiler>
          <is_linker>false</is_linker>
        </compiler>
        <options>
          <id>python-cov-buildless-capture-python-0-db451006e657808962db5d9fbd94fc77-0</id>
          <template_config_option_id>python-cov-buildless-capture-python-0-.*</template_config_option_id>
          <compile_options></compile_options>
          <prepend_arg>--language=python</prepend_arg>
          <split>
            <options>
              <prepend_arg>-coverity_source=non_compiled</prepend_arg>
            </options>
          </split>
          <expand>
            <options>
              <intern_split_response_file_fn>line_split</intern_split_response_file_fn>
            </options>
          </expand>
          <begin_command_line_config></begin_command_line_config>
        </options>
      </build>
    </config>
    <md5>42786631f8dbde0c1ec718293ded892a</md5>
</coverity>

