{
  "type": "Coverity CLI Diagnostics Data",
  "version": 1,
  "general": {
    "coverity-static-analysis-version": "2025.9.1"
  },
  "capture": {
    "primary-capture-mode": "Auto",
    "command-line": "C:\\Users\\TracyChrisinger\\.blackduck\\bridge\\tools\\cov-thin-client\\2025.9.1\\bin\\coverity.exe capture --dir C:\\Spades\\.bridge\\polaris_coverity_capture\\2025.9.1\\idir -o analyze.location=connect",
    "working-directory": "C:\\Spades",
    "project-directory": "C:\\Spades",
    "intermediate-directory": "C:\\Spades\\.bridge\\polaris_coverity_capture\\2025.9.1\\idir",
    "configuration": {
      "command-line-overrides": [
        "--config-override",
        "analyze.location=connect"
      ],
      "effective-configuration": {
        "analyze": {
          "location": "connect"
        },
        "commit": null,
        "caching": {
          "bytecode": true,
          "tu": false,
          "wur": true
        }
      },
      "configuration-hash": "c79bdb4aae5433a143feac6924c86562bd073f0227c43c7b5410b4e6cf316511"
    },
    "capture-summary": {
      "files-captured": 29,
      "ignored": 35,
      "lines-of-code": 4404,
      "succeeded": 29
    },
    "capture-rate": 100,
    "command-info": [
      {
        "command-line": "C:\\Users\\TracyChrisinger\\.blackduck\\bridge\\tools\\cov-thin-client\\2025.9.1\\bin\\cov-manage-emit --dir C:\\Spades\\.bridge\\polaris_coverity_capture\\2025.9.1\\idir create",
        "cwd": "C:\\Spades",
        "env": {
          "COVERITY_CACHE_API_TOKEN_FILE": "C:\\Users\\TRACYC~1\\AppData\\Local\\Temp\\polaris_coverity_cache1118180807\\.authKey",
          "COVERITY_CACHE_KEY": "ef468091-28be-476c-af46-8f189bc496e7",
          "COVERITY_CACHE_URL": "https://poc.polaris.blackduck.com/api/cache",
          "COVERITY_CLI_CAPTURE_ZIP_ARCHIVE": "C:\\Spades\\.bridge\\polaris_coverity_capture\\idir.zip",
          "COVERITY_CLI_POLARIS_CLIENT": "true",
          "COVERITY_CLI_POLARIS_SIGMA": "C:\\Users\\TracyChrisinger\\.blackduck\\bridge\\tools\\sigma\\2025.11.0\\sigma.exe",
          "COVERITY_CONNECT_USER_NAME": "tjchrisi",
          "COVERITY_CONNECT_USER_PASSWORD": "HP912dj!@#$%^",
          "COVERITY_NO_LOG_ENVIRONMENT_VARIABLES": "1"
        },
        "start-time": "2025-12-29T14:53:32.0413868-05:00",
        "end-time": "2025-12-29T14:53:34.4211959-05:00",
        "duration": 2379809100
      },
      {
        "command-line": "C:\\Users\\TracyChrisinger\\.blackduck\\bridge\\tools\\cov-thin-client\\2025.9.1\\bin\\cov-internal-manage-cache check",
        "cwd": "C:\\Spades",
        "env": {
          "COVERITY_CACHE_API_TOKEN_FILE": "C:\\Users\\TRACYC~1\\AppData\\Local\\Temp\\polaris_coverity_cache1118180807\\.authKey",
          "COVERITY_CACHE_KEY": "ef468091-28be-476c-af46-8f189bc496e7",
          "COVERITY_CACHE_URL": "https://poc.polaris.blackduck.com/api/cache",
          "COVERITY_CLI_CAPTURE_ZIP_ARCHIVE": "C:\\Spades\\.bridge\\polaris_coverity_capture\\idir.zip",
          "COVERITY_CLI_POLARIS_CLIENT": "true",
          "COVERITY_CLI_POLARIS_SIGMA": "C:\\Users\\TracyChrisinger\\.blackduck\\bridge\\tools\\sigma\\2025.11.0\\sigma.exe",
          "COVERITY_CONNECT_USER_NAME": "tjchrisi",
          "COVERITY_CONNECT_USER_PASSWORD": "HP912dj!@#$%^",
          "COVERITY_NO_LOG_ENVIRONMENT_VARIABLES": "1"
        },
        "start-time": "2025-12-29T14:53:34.4260992-05:00",
        "end-time": "2025-12-29T14:53:37.9991085-05:00",
        "duration": 3573009300
      },
      {
        "command-line": "C:\\Users\\TracyChrisinger\\.blackduck\\bridge\\tools\\cov-thin-client\\2025.9.1\\bin\\cov-manage-emit --dir C:\\Spades\\.bridge\\polaris_coverity_capture\\2025.9.1\\idir list-capture-diagnostics",
        "cwd": "C:\\Spades",
        "env": {
          "COVERITY_CACHE_API_TOKEN_FILE": "C:\\Users\\TRACYC~1\\AppData\\Local\\Temp\\polaris_coverity_cache1118180807\\.authKey",
          "COVERITY_CACHE_KEY": "ef468091-28be-476c-af46-8f189bc496e7",
          "COVERITY_CACHE_URL": "https://poc.polaris.blackduck.com/api/cache",
          "COVERITY_CLI_CAPTURE_ZIP_ARCHIVE": "C:\\Spades\\.bridge\\polaris_coverity_capture\\idir.zip",
          "COVERITY_CLI_POLARIS_CLIENT": "true",
          "COVERITY_CLI_POLARIS_SIGMA": "C:\\Users\\TracyChrisinger\\.blackduck\\bridge\\tools\\sigma\\2025.11.0\\sigma.exe",
          "COVERITY_CONNECT_USER_NAME": "tjchrisi",
          "COVERITY_CONNECT_USER_PASSWORD": "HP912dj!@#$%^",
          "COVERITY_NO_LOG_ENVIRONMENT_VARIABLES": "1"
        },
        "stdout-tail": [
          "{",
          "  \"type\" : \"Coverity Capture Diagnostics\",",
          "  \"format_version\" : 4,",
          "  \"captured-files\" : []",
          "}"
        ],
        "start-time": "2025-12-29T14:53:38.0867983-05:00",
        "end-time": "2025-12-29T14:53:38.137253-05:00",
        "duration": 50454700
      },
      {
        "command-line": "C:\\Users\\TracyChrisinger\\.blackduck\\bridge\\tools\\cov-thin-client\\2025.9.1\\bin\\cov-configure -c C:\\Spades\\.bridge\\polaris_coverity_capture\\2025.9.1\\idir\\coverity-cli\\build-compiler-configs\\coverity_config.xml --compiler gcc --comptype gcc --template",
        "cwd": "C:\\Spades",
        "env": {
          "COVERITY_CACHE_API_TOKEN_FILE": "C:\\Users\\TRACYC~1\\AppData\\Local\\Temp\\polaris_coverity_cache1118180807\\.authKey",
          "COVERITY_CACHE_KEY": "ef468091-28be-476c-af46-8f189bc496e7",
          "COVERITY_CACHE_URL": "https://poc.polaris.blackduck.com/api/cache",
          "COVERITY_CLI_CAPTURE_ZIP_ARCHIVE": "C:\\Spades\\.bridge\\polaris_coverity_capture\\idir.zip",
          "COVERITY_CLI_POLARIS_CLIENT": "true",
          "COVERITY_CLI_POLARIS_SIGMA": "C:\\Users\\TracyChrisinger\\.blackduck\\bridge\\tools\\sigma\\2025.11.0\\sigma.exe",
          "COVERITY_CONNECT_USER_NAME": "tjchrisi",
          "COVERITY_CONNECT_USER_PASSWORD": "HP912dj!@#$%^",
          "COVERITY_NO_LOG_ENVIRONMENT_VARIABLES": "1"
        },
        "stdout-tail": [
          "",
          "Generated coverity_config.xml at location C:/Spades/.bridge/polaris_coverity_capture/2025.9.1/idir/coverity-cli/build-compiler-configs/coverity_config.xml",
          "Successfully generated configuration for the compilers: *-g++ *-gcc ar g++ g++-* gcc gcc-* ld"
        ],
        "start-time": "2025-12-29T14:53:38.1975973-05:00",
        "end-time": "2025-12-29T14:53:41.2286692-05:00",
        "duration": 3031071900
      },
      {
        "command-line": "C:\\Users\\TracyChrisinger\\.blackduck\\bridge\\tools\\cov-thin-client\\2025.9.1\\bin\\cov-configure -c C:\\Spades\\.bridge\\polaris_coverity_capture\\2025.9.1\\idir\\coverity-cli\\build-compiler-configs\\coverity_config.xml --compiler cc --comptype gcc --template",
        "cwd": "C:\\Spades",
        "env": {
          "COVERITY_CACHE_API_TOKEN_FILE": "C:\\Users\\TRACYC~1\\AppData\\Local\\Temp\\polaris_coverity_cache1118180807\\.authKey",
          "COVERITY_CACHE_KEY": "ef468091-28be-476c-af46-8f189bc496e7",
          "COVERITY_CACHE_URL": "https://poc.polaris.blackduck.com/api/cache",
          "COVERITY_CLI_CAPTURE_ZIP_ARCHIVE": "C:\\Spades\\.bridge\\polaris_coverity_capture\\idir.zip",
          "COVERITY_CLI_POLARIS_CLIENT": "true",
          "COVERITY_CLI_POLARIS_SIGMA": "C:\\Users\\TracyChrisinger\\.blackduck\\bridge\\tools\\sigma\\2025.11.0\\sigma.exe",
          "COVERITY_CONNECT_USER_NAME": "tjchrisi",
          "COVERITY_CONNECT_USER_PASSWORD": "HP912dj!@#$%^",
          "COVERITY_NO_LOG_ENVIRONMENT_VARIABLES": "1"
        },
        "stdout-tail": [
          "",
          "Generated coverity_config.xml at location C:/Spades/.bridge/polaris_coverity_capture/2025.9.1/idir/coverity-cli/build-compiler-configs/coverity_config.xml",
          "Successfully generated configuration for the compilers: cc"
        ],
        "stderr-tail": [
          "[WARNING] Template config template-gcc-config-1 already exists for gcc-* and will be reused. ",
          "[WARNING] Template config template-gcc-config-2 already exists for *-gcc and will be reused. ",
          "[WARNING] Template config template-g++-config-1 already exists for g++-* and will be reused. ",
          "[WARNING] Template config template-g++-config-2 already exists for *-g++ and will be reused. ",
          "[WARNING] Template config template-ld-config-0 already exists for ld and will be reused. ",
          "[WARNING] Template config template-ar-config-0 already exists for ar and will be reused. "
        ],
        "start-time": "2025-12-29T14:53:41.2286692-05:00",
        "end-time": "2025-12-29T14:53:41.7104021-05:00",
        "duration": 481732900
      },
      {
        "command-line": "C:\\Users\\TracyChrisinger\\.blackduck\\bridge\\tools\\cov-thin-client\\2025.9.1\\bin\\cov-configure -c C:\\Spades\\.bridge\\polaris_coverity_capture\\2025.9.1\\idir\\coverity-cli\\build-compiler-configs\\coverity_config.xml --compiler c++ --comptype g++ --template",
        "cwd": "C:\\Spades",
        "env": {
          "COVERITY_CACHE_API_TOKEN_FILE": "C:\\Users\\TRACYC~1\\AppData\\Local\\Temp\\polaris_coverity_cache1118180807\\.authKey",
          "COVERITY_CACHE_KEY": "ef468091-28be-476c-af46-8f189bc496e7",
          "COVERITY_CACHE_URL": "https://poc.polaris.blackduck.com/api/cache",
          "COVERITY_CLI_CAPTURE_ZIP_ARCHIVE": "C:\\Spades\\.bridge\\polaris_coverity_capture\\idir.zip",
          "COVERITY_CLI_POLARIS_CLIENT": "true",
          "COVERITY_CLI_POLARIS_SIGMA": "C:\\Users\\TracyChrisinger\\.blackduck\\bridge\\tools\\sigma\\2025.11.0\\sigma.exe",
          "COVERITY_CONNECT_USER_NAME": "tjchrisi",
          "COVERITY_CONNECT_USER_PASSWORD": "HP912dj!@#$%^",
          "COVERITY_NO_LOG_ENVIRONMENT_VARIABLES": "1"
        },
        "stdout-tail": [
          "",
          "Generated coverity_config.xml at location C:/Spades/.bridge/polaris_coverity_capture/2025.9.1/idir/coverity-cli/build-compiler-configs/coverity_config.xml",
          "Successfully generated configuration for the compilers: c++"
        ],
        "start-time": "2025-12-29T14:53:41.7110058-05:00",
        "end-time": "2025-12-29T14:53:42.1656302-05:00",
        "duration": 454624400
      },
      {
        "command-line": "C:\\Users\\TracyChrisinger\\.blackduck\\bridge\\tools\\cov-thin-client\\2025.9.1\\bin\\cov-configure -c C:\\Spades\\.bridge\\polaris_coverity_capture\\2025.9.1\\idir\\coverity-cli\\build-compiler-configs\\coverity_config.xml --compiler clang --comptype clangcc --template",
        "cwd": "C:\\Spades",
        "env": {
          "COVERITY_CACHE_API_TOKEN_FILE": "C:\\Users\\TRACYC~1\\AppData\\Local\\Temp\\polaris_coverity_cache1118180807\\.authKey",
          "COVERITY_CACHE_KEY": "ef468091-28be-476c-af46-8f189bc496e7",
          "COVERITY_CACHE_URL": "https://poc.polaris.blackduck.com/api/cache",
          "COVERITY_CLI_CAPTURE_ZIP_ARCHIVE": "C:\\Spades\\.bridge\\polaris_coverity_capture\\idir.zip",
          "COVERITY_CLI_POLARIS_CLIENT": "true",
          "COVERITY_CLI_POLARIS_SIGMA": "C:\\Users\\TracyChrisinger\\.blackduck\\bridge\\tools\\sigma\\2025.11.0\\sigma.exe",
          "COVERITY_CONNECT_USER_NAME": "tjchrisi",
          "COVERITY_CONNECT_USER_PASSWORD": "HP912dj!@#$%^",
          "COVERITY_NO_LOG_ENVIRONMENT_VARIABLES": "1"
        },
        "stdout-tail": [
          "",
          "Generated coverity_config.xml at location C:/Spades/.bridge/polaris_coverity_capture/2025.9.1/idir/coverity-cli/build-compiler-configs/coverity_config.xml",
          "Successfully generated configuration for the compilers: clang clang++"
        ],
        "start-time": "2025-12-29T14:53:42.1656302-05:00",
        "end-time": "2025-12-29T14:53:42.6109961-05:00",
        "duration": 445365900
      },
      {
        "command-line": "C:\\Users\\TracyChrisinger\\.blackduck\\bridge\\tools\\cov-thin-client\\2025.9.1\\bin\\cov-configure -c C:\\Spades\\.bridge\\polaris_coverity_capture\\2025.9.1\\idir\\coverity-cli\\build-compiler-configs\\coverity_config.xml --compiler java --comptype java --template",
        "cwd": "C:\\Spades",
        "env": {
          "COVERITY_CACHE_API_TOKEN_FILE": "C:\\Users\\TRACYC~1\\AppData\\Local\\Temp\\polaris_coverity_cache1118180807\\.authKey",
          "COVERITY_CACHE_KEY": "ef468091-28be-476c-af46-8f189bc496e7",
          "COVERITY_CACHE_URL": "https://poc.polaris.blackduck.com/api/cache",
          "COVERITY_CLI_CAPTURE_ZIP_ARCHIVE": "C:\\Spades\\.bridge\\polaris_coverity_capture\\idir.zip",
          "COVERITY_CLI_POLARIS_CLIENT": "true",
          "COVERITY_CLI_POLARIS_SIGMA": "C:\\Users\\TracyChrisinger\\.blackduck\\bridge\\tools\\sigma\\2025.11.0\\sigma.exe",
          "COVERITY_CONNECT_USER_NAME": "tjchrisi",
          "COVERITY_CONNECT_USER_PASSWORD": "HP912dj!@#$%^",
          "COVERITY_NO_LOG_ENVIRONMENT_VARIABLES": "1"
        },
        "stdout-tail": [
          "",
          "Generated coverity_config.xml at location C:/Spades/.bridge/polaris_coverity_capture/2025.9.1/idir/coverity-cli/build-compiler-configs/coverity_config.xml",
          "Successfully generated configuration for the compilers: apt java javac javaw",
          "Successfully generated configuration for the buildless capture patterns: jar"
        ],
        "start-time": "2025-12-29T14:53:42.6114379-05:00",
        "end-time": "2025-12-29T14:53:43.0865551-05:00",
        "duration": 475117200
      },
      {
        "command-line": "C:\\Users\\TracyChrisinger\\.blackduck\\bridge\\tools\\cov-thin-client\\2025.9.1\\bin\\cov-configure -c C:\\Spades\\.bridge\\polaris_coverity_capture\\2025.9.1\\idir\\coverity-cli\\build-compiler-configs\\coverity_config.xml --compiler go --comptype go --template",
        "cwd": "C:\\Spades",
        "env": {
          "COVERITY_CACHE_API_TOKEN_FILE": "C:\\Users\\TRACYC~1\\AppData\\Local\\Temp\\polaris_coverity_cache1118180807\\.authKey",
          "COVERITY_CACHE_KEY": "ef468091-28be-476c-af46-8f189bc496e7",
          "COVERITY_CACHE_URL": "https://poc.polaris.blackduck.com/api/cache",
          "COVERITY_CLI_CAPTURE_ZIP_ARCHIVE": "C:\\Spades\\.bridge\\polaris_coverity_capture\\idir.zip",
          "COVERITY_CLI_POLARIS_CLIENT": "true",
          "COVERITY_CLI_POLARIS_SIGMA": "C:\\Users\\TracyChrisinger\\.blackduck\\bridge\\tools\\sigma\\2025.11.0\\sigma.exe",
          "COVERITY_CONNECT_USER_NAME": "tjchrisi",
          "COVERITY_CONNECT_USER_PASSWORD": "HP912dj!@#$%^",
          "COVERITY_NO_LOG_ENVIRONMENT_VARIABLES": "1"
        },
        "stdout-tail": [
          "",
          "Generated coverity_config.xml at location C:/Spades/.bridge/polaris_coverity_capture/2025.9.1/idir/coverity-cli/build-compiler-configs/coverity_config.xml",
          "Successfully generated configuration for the compilers: go"
        ],
        "start-time": "2025-12-29T14:53:43.0865551-05:00",
        "end-time": "2025-12-29T14:53:43.506823-05:00",
        "duration": 420267900
      },
      {
        "command-line": "C:\\Users\\TracyChrisinger\\.blackduck\\bridge\\tools\\cov-thin-client\\2025.9.1\\bin\\cov-configure -c C:\\Spades\\.bridge\\polaris_coverity_capture\\2025.9.1\\idir\\coverity-cli\\build-compiler-configs\\coverity_config.xml --compiler ccache --comptype prefix --template",
        "cwd": "C:\\Spades",
        "env": {
          "COVERITY_CACHE_API_TOKEN_FILE": "C:\\Users\\TRACYC~1\\AppData\\Local\\Temp\\polaris_coverity_cache1118180807\\.authKey",
          "COVERITY_CACHE_KEY": "ef468091-28be-476c-af46-8f189bc496e7",
          "COVERITY_CACHE_URL": "https://poc.polaris.blackduck.com/api/cache",
          "COVERITY_CLI_CAPTURE_ZIP_ARCHIVE": "C:\\Spades\\.bridge\\polaris_coverity_capture\\idir.zip",
          "COVERITY_CLI_POLARIS_CLIENT": "true",
          "COVERITY_CLI_POLARIS_SIGMA": "C:\\Users\\TracyChrisinger\\.blackduck\\bridge\\tools\\sigma\\2025.11.0\\sigma.exe",
          "COVERITY_CONNECT_USER_NAME": "tjchrisi",
          "COVERITY_CONNECT_USER_PASSWORD": "HP912dj!@#$%^",
          "COVERITY_NO_LOG_ENVIRONMENT_VARIABLES": "1"
        },
        "stdout-tail": [
          "",
          "Generated coverity_config.xml at location C:/Spades/.bridge/polaris_coverity_capture/2025.9.1/idir/coverity-cli/build-compiler-configs/coverity_config.xml",
          "Successfully generated configuration for the compilers: ccache"
        ],
        "start-time": "2025-12-29T14:53:43.5078224-05:00",
        "end-time": "2025-12-29T14:53:43.9581377-05:00",
        "duration": 450315300
      },
      {
        "command-line": "C:\\Users\\TracyChrisinger\\.blackduck\\bridge\\tools\\cov-thin-client\\2025.9.1\\bin\\cov-configure -c C:\\Spades\\.bridge\\polaris_coverity_capture\\2025.9.1\\idir\\coverity-cli\\build-compiler-configs\\coverity_config.xml --compiler kotlinc --comptype kotlinc --template",
        "cwd": "C:\\Spades",
        "env": {
          "COVERITY_CACHE_API_TOKEN_FILE": "C:\\Users\\TRACYC~1\\AppData\\Local\\Temp\\polaris_coverity_cache1118180807\\.authKey",
          "COVERITY_CACHE_KEY": "ef468091-28be-476c-af46-8f189bc496e7",
          "COVERITY_CACHE_URL": "https://poc.polaris.blackduck.com/api/cache",
          "COVERITY_CLI_CAPTURE_ZIP_ARCHIVE": "C:\\Spades\\.bridge\\polaris_coverity_capture\\idir.zip",
          "COVERITY_CLI_POLARIS_CLIENT": "true",
          "COVERITY_CLI_POLARIS_SIGMA": "C:\\Users\\TracyChrisinger\\.blackduck\\bridge\\tools\\sigma\\2025.11.0\\sigma.exe",
          "COVERITY_CONNECT_USER_NAME": "tjchrisi",
          "COVERITY_CONNECT_USER_PASSWORD": "HP912dj!@#$%^",
          "COVERITY_NO_LOG_ENVIRONMENT_VARIABLES": "1"
        },
        "stdout-tail": [
          "",
          "Generated coverity_config.xml at location C:/Spades/.bridge/polaris_coverity_capture/2025.9.1/idir/coverity-cli/build-compiler-configs/coverity_config.xml",
          "Successfully generated configuration for the compilers: kotlin kotlinc",
          "Successfully generated configuration for the buildless capture patterns: android kotlin-module"
        ],
        "stderr-tail": [
          "[WARNING] Template config template-java-config-0 already exists for java and will be reused. ",
          "[WARNING] Template config template-apt-config-0 already exists for apt and will be reused. ",
          "[WARNING] Template config template-javaw-config-0 already exists for javaw and will be reused. "
        ],
        "start-time": "2025-12-29T14:53:43.9581377-05:00",
        "end-time": "2025-12-29T14:53:44.4086998-05:00",
        "duration": 450562100
      },
      {
        "command-line": "C:\\Users\\TracyChrisinger\\.blackduck\\bridge\\tools\\cov-thin-client\\2025.9.1\\bin\\cov-configure -c C:\\Spades\\.bridge\\polaris_coverity_capture\\2025.9.1\\idir\\coverity-cli\\build-compiler-configs\\coverity_config.xml --compiler csc --comptype csc --template",
        "cwd": "C:\\Spades",
        "env": {
          "COVERITY_CACHE_API_TOKEN_FILE": "C:\\Users\\TRACYC~1\\AppData\\Local\\Temp\\polaris_coverity_cache1118180807\\.authKey",
          "COVERITY_CACHE_KEY": "ef468091-28be-476c-af46-8f189bc496e7",
          "COVERITY_CACHE_URL": "https://poc.polaris.blackduck.com/api/cache",
          "COVERITY_CLI_CAPTURE_ZIP_ARCHIVE": "C:\\Spades\\.bridge\\polaris_coverity_capture\\idir.zip",
          "COVERITY_CLI_POLARIS_CLIENT": "true",
          "COVERITY_CLI_POLARIS_SIGMA": "C:\\Users\\TracyChrisinger\\.blackduck\\bridge\\tools\\sigma\\2025.11.0\\sigma.exe",
          "COVERITY_CONNECT_USER_NAME": "tjchrisi",
          "COVERITY_CONNECT_USER_PASSWORD": "HP912dj!@#$%^",
          "COVERITY_NO_LOG_ENVIRONMENT_VARIABLES": "1"
        },
        "stdout-tail": [
          "",
          "Generated coverity_config.xml at location C:/Spades/.bridge/polaris_coverity_capture/2025.9.1/idir/coverity-cli/build-compiler-configs/coverity_config.xml",
          "Successfully generated configuration for the compilers: csc csc.dll csc2 devenv dotnet microsoft.aspnetcore.mvc.razor.viewcompilation microsoft.aspnetcore.mvc.razor.viewcompilation-x64 microsoft.aspnetcore.mvc.razor.viewcompilation-x64.dll microsoft.aspnetcore.mvc.razor.viewcompilation-x86 microsoft.aspnetcore.mvc.razor.viewcompilation-x86.dll microsoft.aspnetcore.mvc.razor.viewcompilation.dll msbuild razor"
        ],
        "start-time": "2025-12-29T14:53:44.4086998-05:00",
        "end-time": "2025-12-29T14:53:44.887893-05:00",
        "duration": 479193200
      },
      {
        "command-line": "C:\\Users\\TracyChrisinger\\.blackduck\\bridge\\tools\\cov-thin-client\\2025.9.1\\bin\\cov-configure -c C:\\Spades\\.bridge\\polaris_coverity_capture\\2025.9.1\\idir\\coverity-cli\\build-compiler-configs\\coverity_config.xml --compiler vbc --comptype vbc --template",
        "cwd": "C:\\Spades",
        "env": {
          "COVERITY_CACHE_API_TOKEN_FILE": "C:\\Users\\TRACYC~1\\AppData\\Local\\Temp\\polaris_coverity_cache1118180807\\.authKey",
          "COVERITY_CACHE_KEY": "ef468091-28be-476c-af46-8f189bc496e7",
          "COVERITY_CACHE_URL": "https://poc.polaris.blackduck.com/api/cache",
          "COVERITY_CLI_CAPTURE_ZIP_ARCHIVE": "C:\\Spades\\.bridge\\polaris_coverity_capture\\idir.zip",
          "COVERITY_CLI_POLARIS_CLIENT": "true",
          "COVERITY_CLI_POLARIS_SIGMA": "C:\\Users\\TracyChrisinger\\.blackduck\\bridge\\tools\\sigma\\2025.11.0\\sigma.exe",
          "COVERITY_CONNECT_USER_NAME": "tjchrisi",
          "COVERITY_CONNECT_USER_PASSWORD": "HP912dj!@#$%^",
          "COVERITY_NO_LOG_ENVIRONMENT_VARIABLES": "1"
        },
        "stdout-tail": [
          "",
          "Generated coverity_config.xml at location C:/Spades/.bridge/polaris_coverity_capture/2025.9.1/idir/coverity-cli/build-compiler-configs/coverity_config.xml",
          "Successfully generated configuration for the compilers: vbc vbc.dll"
        ],
        "stderr-tail": [
          "[WARNING] Template config template-dotnet-config-0 already exists for dotnet and will be reused. "
        ],
        "start-time": "2025-12-29T14:53:44.887893-05:00",
        "end-time": "2025-12-29T14:53:45.3385118-05:00",
        "duration": 450618800
      },
      {
        "command-line": "C:\\Users\\TracyChrisinger\\.blackduck\\bridge\\tools\\cov-thin-client\\2025.9.1\\bin\\cov-configure -c C:\\Spades\\.bridge\\polaris_coverity_capture\\2025.9.1\\idir\\coverity-cli\\build-compiler-configs\\coverity_config.xml --compiler cl --comptype msvc --template",
        "cwd": "C:\\Spades",
        "env": {
          "COVERITY_CACHE_API_TOKEN_FILE": "C:\\Users\\TRACYC~1\\AppData\\Local\\Temp\\polaris_coverity_cache1118180807\\.authKey",
          "COVERITY_CACHE_KEY": "ef468091-28be-476c-af46-8f189bc496e7",
          "COVERITY_CACHE_URL": "https://poc.polaris.blackduck.com/api/cache",
          "COVERITY_CLI_CAPTURE_ZIP_ARCHIVE": "C:\\Spades\\.bridge\\polaris_coverity_capture\\idir.zip",
          "COVERITY_CLI_POLARIS_CLIENT": "true",
          "COVERITY_CLI_POLARIS_SIGMA": "C:\\Users\\TracyChrisinger\\.blackduck\\bridge\\tools\\sigma\\2025.11.0\\sigma.exe",
          "COVERITY_CONNECT_USER_NAME": "tjchrisi",
          "COVERITY_CONNECT_USER_PASSWORD": "HP912dj!@#$%^",
          "COVERITY_NO_LOG_ENVIRONMENT_VARIABLES": "1"
        },
        "stdout-tail": [
          "",
          "Generated coverity_config.xml at location C:/Spades/.bridge/polaris_coverity_capture/2025.9.1/idir/coverity-cli/build-compiler-configs/coverity_config.xml",
          "Successfully generated configuration for the compilers: cl lib link"
        ],
        "start-time": "2025-12-29T14:53:45.3385118-05:00",
        "end-time": "2025-12-29T14:53:45.7979298-05:00",
        "duration": 459418000
      },
      {
        "command-line": "C:\\Users\\TracyChrisinger\\.blackduck\\bridge\\tools\\cov-thin-client\\2025.9.1\\bin\\cov-configure -c C:\\Spades\\.bridge\\polaris_coverity_capture\\2025.9.1\\idir\\coverity-cli\\build-compiler-configs\\coverity_config.xml --compiler i686-w64-mingw32-gcc --comptype gcc --template",
        "cwd": "C:\\Spades",
        "env": {
          "COVERITY_CACHE_API_TOKEN_FILE": "C:\\Users\\TRACYC~1\\AppData\\Local\\Temp\\polaris_coverity_cache1118180807\\.authKey",
          "COVERITY_CACHE_KEY": "ef468091-28be-476c-af46-8f189bc496e7",
          "COVERITY_CACHE_URL": "https://poc.polaris.blackduck.com/api/cache",
          "COVERITY_CLI_CAPTURE_ZIP_ARCHIVE": "C:\\Spades\\.bridge\\polaris_coverity_capture\\idir.zip",
          "COVERITY_CLI_POLARIS_CLIENT": "true",
          "COVERITY_CLI_POLARIS_SIGMA": "C:\\Users\\TracyChrisinger\\.blackduck\\bridge\\tools\\sigma\\2025.11.0\\sigma.exe",
          "COVERITY_CONNECT_USER_NAME": "tjchrisi",
          "COVERITY_CONNECT_USER_PASSWORD": "HP912dj!@#$%^",
          "COVERITY_NO_LOG_ENVIRONMENT_VARIABLES": "1"
        },
        "stdout-tail": [
          "",
          "Generated coverity_config.xml at location C:/Spades/.bridge/polaris_coverity_capture/2025.9.1/idir/coverity-cli/build-compiler-configs/coverity_config.xml",
          "Successfully generated configuration for the compilers: i686-w64-mingw32-g++ i686-w64-mingw32-gcc"
        ],
        "stderr-tail": [
          "[WARNING] Template config template-gcc-config-1 already exists for gcc-* and will be reused. ",
          "[WARNING] Template config template-gcc-config-2 already exists for *-gcc and will be reused. ",
          "[WARNING] Template config template-g++-config-1 already exists for g++-* and will be reused. ",
          "[WARNING] Template config template-g++-config-2 already exists for *-g++ and will be reused. ",
          "[WARNING] Template config template-ld-config-0 already exists for ld and will be reused. ",
          "[WARNING] Template config template-ar-config-0 already exists for ar and will be reused. "
        ],
        "start-time": "2025-12-29T14:53:45.7979298-05:00",
        "end-time": "2025-12-29T14:53:46.2665809-05:00",
        "duration": 468651100
      },
      {
        "command-line": "C:\\Users\\TracyChrisinger\\.blackduck\\bridge\\tools\\cov-thin-client\\2025.9.1\\bin\\cov-configure -c C:\\Spades\\.bridge\\polaris_coverity_capture\\2025.9.1\\idir\\coverity-cli\\build-compiler-configs\\coverity_config.xml --compiler i686-w64-mingw32-c++ --comptype g++ --template",
        "cwd": "C:\\Spades",
        "env": {
          "COVERITY_CACHE_API_TOKEN_FILE": "C:\\Users\\TRACYC~1\\AppData\\Local\\Temp\\polaris_coverity_cache1118180807\\.authKey",
          "COVERITY_CACHE_KEY": "ef468091-28be-476c-af46-8f189bc496e7",
          "COVERITY_CACHE_URL": "https://poc.polaris.blackduck.com/api/cache",
          "COVERITY_CLI_CAPTURE_ZIP_ARCHIVE": "C:\\Spades\\.bridge\\polaris_coverity_capture\\idir.zip",
          "COVERITY_CLI_POLARIS_CLIENT": "true",
          "COVERITY_CLI_POLARIS_SIGMA": "C:\\Users\\TracyChrisinger\\.blackduck\\bridge\\tools\\sigma\\2025.11.0\\sigma.exe",
          "COVERITY_CONNECT_USER_NAME": "tjchrisi",
          "COVERITY_CONNECT_USER_PASSWORD": "HP912dj!@#$%^",
          "COVERITY_NO_LOG_ENVIRONMENT_VARIABLES": "1"
        },
        "stdout-tail": [
          "",
          "Generated coverity_config.xml at location C:/Spades/.bridge/polaris_coverity_capture/2025.9.1/idir/coverity-cli/build-compiler-configs/coverity_config.xml",
          "Successfully generated configuration for the compilers: i686-w64-mingw32-c++"
        ],
        "start-time": "2025-12-29T14:53:46.2665809-05:00",
        "end-time": "2025-12-29T14:53:46.7202979-05:00",
        "duration": 453717000
      },
      {
        "command-line": "C:\\Users\\TracyChrisinger\\.blackduck\\bridge\\tools\\cov-thin-client\\2025.9.1\\bin\\cov-configure -c C:\\Spades\\.bridge\\polaris_coverity_capture\\2025.9.1\\idir\\coverity-cli\\build-compiler-configs\\coverity_config.xml --compiler mingw32-gcc --comptype gcc --template",
        "cwd": "C:\\Spades",
        "env": {
          "COVERITY_CACHE_API_TOKEN_FILE": "C:\\Users\\TRACYC~1\\AppData\\Local\\Temp\\polaris_coverity_cache1118180807\\.authKey",
          "COVERITY_CACHE_KEY": "ef468091-28be-476c-af46-8f189bc496e7",
          "COVERITY_CACHE_URL": "https://poc.polaris.blackduck.com/api/cache",
          "COVERITY_CLI_CAPTURE_ZIP_ARCHIVE": "C:\\Spades\\.bridge\\polaris_coverity_capture\\idir.zip",
          "COVERITY_CLI_POLARIS_CLIENT": "true",
          "COVERITY_CLI_POLARIS_SIGMA": "C:\\Users\\TracyChrisinger\\.blackduck\\bridge\\tools\\sigma\\2025.11.0\\sigma.exe",
          "COVERITY_CONNECT_USER_NAME": "tjchrisi",
          "COVERITY_CONNECT_USER_PASSWORD": "HP912dj!@#$%^",
          "COVERITY_NO_LOG_ENVIRONMENT_VARIABLES": "1"
        },
        "stdout-tail": [
          "",
          "Generated coverity_config.xml at location C:/Spades/.bridge/polaris_coverity_capture/2025.9.1/idir/coverity-cli/build-compiler-configs/coverity_config.xml",
          "Successfully generated configuration for the compilers: mingw32-g++ mingw32-gcc"
        ],
        "stderr-tail": [
          "[WARNING] Template config template-gcc-config-1 already exists for gcc-* and will be reused. ",
          "[WARNING] Template config template-gcc-config-2 already exists for *-gcc and will be reused. ",
          "[WARNING] Template config template-g++-config-1 already exists for g++-* and will be reused. ",
          "[WARNING] Template config template-g++-config-2 already exists for *-g++ and will be reused. ",
          "[WARNING] Template config template-ld-config-0 already exists for ld and will be reused. ",
          "[WARNING] Template config template-ar-config-0 already exists for ar and will be reused. "
        ],
        "start-time": "2025-12-29T14:53:46.7208041-05:00",
        "end-time": "2025-12-29T14:53:47.1812182-05:00",
        "duration": 460414100
      },
      {
        "command-line": "C:\\Users\\TracyChrisinger\\.blackduck\\bridge\\tools\\cov-thin-client\\2025.9.1\\bin\\cov-configure -c C:\\Spades\\.bridge\\polaris_coverity_capture\\2025.9.1\\idir\\coverity-cli\\build-compiler-configs\\coverity_config.xml --compiler mingw32-c++ --comptype g++ --template",
        "cwd": "C:\\Spades",
        "env": {
          "COVERITY_CACHE_API_TOKEN_FILE": "C:\\Users\\TRACYC~1\\AppData\\Local\\Temp\\polaris_coverity_cache1118180807\\.authKey",
          "COVERITY_CACHE_KEY": "ef468091-28be-476c-af46-8f189bc496e7",
          "COVERITY_CACHE_URL": "https://poc.polaris.blackduck.com/api/cache",
          "COVERITY_CLI_CAPTURE_ZIP_ARCHIVE": "C:\\Spades\\.bridge\\polaris_coverity_capture\\idir.zip",
          "COVERITY_CLI_POLARIS_CLIENT": "true",
          "COVERITY_CLI_POLARIS_SIGMA": "C:\\Users\\TracyChrisinger\\.blackduck\\bridge\\tools\\sigma\\2025.11.0\\sigma.exe",
          "COVERITY_CONNECT_USER_NAME": "tjchrisi",
          "COVERITY_CONNECT_USER_PASSWORD": "HP912dj!@#$%^",
          "COVERITY_NO_LOG_ENVIRONMENT_VARIABLES": "1"
        },
        "stdout-tail": [
          "",
          "Generated coverity_config.xml at location C:/Spades/.bridge/polaris_coverity_capture/2025.9.1/idir/coverity-cli/build-compiler-configs/coverity_config.xml",
          "Successfully generated configuration for the compilers: mingw32-c++"
        ],
        "start-time": "2025-12-29T14:53:47.1812182-05:00",
        "end-time": "2025-12-29T14:53:47.6566261-05:00",
        "duration": 475407900
      },
      {
        "command-line": "C:\\Users\\TracyChrisinger\\.blackduck\\bridge\\tools\\cov-thin-client\\2025.9.1\\bin\\cov-configure -c C:\\Spades\\.bridge\\polaris_coverity_capture\\2025.9.1\\idir\\coverity-cli\\build-compiler-configs\\coverity_config.xml --compiler x86_64-w64-mingw32-gcc --comptype gcc --template",
        "cwd": "C:\\Spades",
        "env": {
          "COVERITY_CACHE_API_TOKEN_FILE": "C:\\Users\\TRACYC~1\\AppData\\Local\\Temp\\polaris_coverity_cache1118180807\\.authKey",
          "COVERITY_CACHE_KEY": "ef468091-28be-476c-af46-8f189bc496e7",
          "COVERITY_CACHE_URL": "https://poc.polaris.blackduck.com/api/cache",
          "COVERITY_CLI_CAPTURE_ZIP_ARCHIVE": "C:\\Spades\\.bridge\\polaris_coverity_capture\\idir.zip",
          "COVERITY_CLI_POLARIS_CLIENT": "true",
          "COVERITY_CLI_POLARIS_SIGMA": "C:\\Users\\TracyChrisinger\\.blackduck\\bridge\\tools\\sigma\\2025.11.0\\sigma.exe",
          "COVERITY_CONNECT_USER_NAME": "tjchrisi",
          "COVERITY_CONNECT_USER_PASSWORD": "HP912dj!@#$%^",
          "COVERITY_NO_LOG_ENVIRONMENT_VARIABLES": "1"
        },
        "stdout-tail": [
          "",
          "Generated coverity_config.xml at location C:/Spades/.bridge/polaris_coverity_capture/2025.9.1/idir/coverity-cli/build-compiler-configs/coverity_config.xml",
          "Successfully generated configuration for the compilers: x86_64-w64-mingw32-g++ x86_64-w64-mingw32-gcc"
        ],
        "stderr-tail": [
          "[WARNING] Template config template-gcc-config-1 already exists for gcc-* and will be reused. ",
          "[WARNING] Template config template-gcc-config-2 already exists for *-gcc and will be reused. ",
          "[WARNING] Template config template-g++-config-1 already exists for g++-* and will be reused. ",
          "[WARNING] Template config template-g++-config-2 already exists for *-g++ and will be reused. ",
          "[WARNING] Template config template-ld-config-0 already exists for ld and will be reused. ",
          "[WARNING] Template config template-ar-config-0 already exists for ar and will be reused. "
        ],
        "start-time": "2025-12-29T14:53:47.6566261-05:00",
        "end-time": "2025-12-29T14:53:48.1008806-05:00",
        "duration": 444254500
      },
      {
        "command-line": "C:\\Users\\TracyChrisinger\\.blackduck\\bridge\\tools\\cov-thin-client\\2025.9.1\\bin\\cov-configure -c C:\\Spades\\.bridge\\polaris_coverity_capture\\2025.9.1\\idir\\coverity-cli\\build-compiler-configs\\coverity_config.xml --compiler x86_64-w64-mingw32-c++ --comptype g++ --template",
        "cwd": "C:\\Spades",
        "env": {
          "COVERITY_CACHE_API_TOKEN_FILE": "C:\\Users\\TRACYC~1\\AppData\\Local\\Temp\\polaris_coverity_cache1118180807\\.authKey",
          "COVERITY_CACHE_KEY": "ef468091-28be-476c-af46-8f189bc496e7",
          "COVERITY_CACHE_URL": "https://poc.polaris.blackduck.com/api/cache",
          "COVERITY_CLI_CAPTURE_ZIP_ARCHIVE": "C:\\Spades\\.bridge\\polaris_coverity_capture\\idir.zip",
          "COVERITY_CLI_POLARIS_CLIENT": "true",
          "COVERITY_CLI_POLARIS_SIGMA": "C:\\Users\\TracyChrisinger\\.blackduck\\bridge\\tools\\sigma\\2025.11.0\\sigma.exe",
          "COVERITY_CONNECT_USER_NAME": "tjchrisi",
          "COVERITY_CONNECT_USER_PASSWORD": "HP912dj!@#$%^",
          "COVERITY_NO_LOG_ENVIRONMENT_VARIABLES": "1"
        },
        "stdout-tail": [
          "",
          "Generated coverity_config.xml at location C:/Spades/.bridge/polaris_coverity_capture/2025.9.1/idir/coverity-cli/build-compiler-configs/coverity_config.xml",
          "Successfully generated configuration for the compilers: x86_64-w64-mingw32-c++"
        ],
        "start-time": "2025-12-29T14:53:48.1014086-05:00",
        "end-time": "2025-12-29T14:53:48.5490468-05:00",
        "duration": 447638200
      },
      {
        "command-line": "C:\\Users\\TracyChrisinger\\.blackduck\\bridge\\tools\\cov-thin-client\\2025.9.1\\bin\\cov-configure -c C:\\Spades\\.bridge\\polaris_coverity_capture\\2025.9.1\\idir\\coverity-cli\\buildless-compiler-configs\\coverity_config.xml --dart",
        "cwd": "C:\\Spades",
        "env": {
          "COVERITY_CACHE_API_TOKEN_FILE": "C:\\Users\\TRACYC~1\\AppData\\Local\\Temp\\polaris_coverity_cache1118180807\\.authKey",
          "COVERITY_CACHE_KEY": "ef468091-28be-476c-af46-8f189bc496e7",
          "COVERITY_CACHE_URL": "https://poc.polaris.blackduck.com/api/cache",
          "COVERITY_CLI_CAPTURE_ZIP_ARCHIVE": "C:\\Spades\\.bridge\\polaris_coverity_capture\\idir.zip",
          "COVERITY_CLI_POLARIS_CLIENT": "true",
          "COVERITY_CLI_POLARIS_SIGMA": "C:\\Users\\TracyChrisinger\\.blackduck\\bridge\\tools\\sigma\\2025.11.0\\sigma.exe",
          "COVERITY_CONNECT_USER_NAME": "tjchrisi",
          "COVERITY_CONNECT_USER_PASSWORD": "HP912dj!@#$%^",
          "COVERITY_NO_LOG_ENVIRONMENT_VARIABLES": "1"
        },
        "stdout-tail": [
          "",
          "Generated coverity_config.xml at location C:/Spades/.bridge/polaris_coverity_capture/2025.9.1/idir/coverity-cli/buildless-compiler-configs/coverity_config.xml",
          "Successfully generated configuration for the buildless capture patterns: capture-config-files dart"
        ],
        "start-time": "2025-12-29T14:53:48.5500467-05:00",
        "end-time": "2025-12-29T14:53:49.0222158-05:00",
        "duration": 472169100
      },
      {
        "command-line": "C:\\Users\\TracyChrisinger\\.blackduck\\bridge\\tools\\cov-thin-client\\2025.9.1\\bin\\cov-configure -c C:\\Spades\\.bridge\\polaris_coverity_capture\\2025.9.1\\idir\\coverity-cli\\buildless-compiler-configs\\coverity_config.xml --javascript",
        "cwd": "C:\\Spades",
        "env": {
          "COVERITY_CACHE_API_TOKEN_FILE": "C:\\Users\\TRACYC~1\\AppData\\Local\\Temp\\polaris_coverity_cache1118180807\\.authKey",
          "COVERITY_CACHE_KEY": "ef468091-28be-476c-af46-8f189bc496e7",
          "COVERITY_CACHE_URL": "https://poc.polaris.blackduck.com/api/cache",
          "COVERITY_CLI_CAPTURE_ZIP_ARCHIVE": "C:\\Spades\\.bridge\\polaris_coverity_capture\\idir.zip",
          "COVERITY_CLI_POLARIS_CLIENT": "true",
          "COVERITY_CLI_POLARIS_SIGMA": "C:\\Users\\TracyChrisinger\\.blackduck\\bridge\\tools\\sigma\\2025.11.0\\sigma.exe",
          "COVERITY_CONNECT_USER_NAME": "tjchrisi",
          "COVERITY_CONNECT_USER_PASSWORD": "HP912dj!@#$%^",
          "COVERITY_NO_LOG_ENVIRONMENT_VARIABLES": "1"
        },
        "stdout-tail": [
          "[NOTE] This Coverity installation only supports record with source for \"javascript\". Attempts to capture source files for this language without specifying --record-with-source to cov-build will be ignored.",
          "",
          "Generated coverity_config.xml at location C:/Spades/.bridge/polaris_coverity_capture/2025.9.1/idir/coverity-cli/buildless-compiler-configs/coverity_config.xml",
          "Successfully generated configuration for the buildless capture patterns: capture-config-files html javascript jsx typescript vue"
        ],
        "start-time": "2025-12-29T14:53:49.0228853-05:00",
        "end-time": "2025-12-29T14:53:49.4823031-05:00",
        "duration": 459417800
      },
      {
        "command-line": "C:\\Users\\TracyChrisinger\\.blackduck\\bridge\\tools\\cov-thin-client\\2025.9.1\\bin\\cov-configure -c C:\\Spades\\.bridge\\polaris_coverity_capture\\2025.9.1\\idir\\coverity-cli\\buildless-compiler-configs\\coverity_config.xml --php",
        "cwd": "C:\\Spades",
        "env": {
          "COVERITY_CACHE_API_TOKEN_FILE": "C:\\Users\\TRACYC~1\\AppData\\Local\\Temp\\polaris_coverity_cache1118180807\\.authKey",
          "COVERITY_CACHE_KEY": "ef468091-28be-476c-af46-8f189bc496e7",
          "COVERITY_CACHE_URL": "https://poc.polaris.blackduck.com/api/cache",
          "COVERITY_CLI_CAPTURE_ZIP_ARCHIVE": "C:\\Spades\\.bridge\\polaris_coverity_capture\\idir.zip",
          "COVERITY_CLI_POLARIS_CLIENT": "true",
          "COVERITY_CLI_POLARIS_SIGMA": "C:\\Users\\TracyChrisinger\\.blackduck\\bridge\\tools\\sigma\\2025.11.0\\sigma.exe",
          "COVERITY_CONNECT_USER_NAME": "tjchrisi",
          "COVERITY_CONNECT_USER_PASSWORD": "HP912dj!@#$%^",
          "COVERITY_NO_LOG_ENVIRONMENT_VARIABLES": "1"
        },
        "stdout-tail": [
          "",
          "Generated coverity_config.xml at location C:/Spades/.bridge/polaris_coverity_capture/2025.9.1/idir/coverity-cli/buildless-compiler-configs/coverity_config.xml",
          "Successfully generated configuration for the buildless capture patterns: capture-config-files php"
        ],
        "start-time": "2025-12-29T14:53:49.4823031-05:00",
        "end-time": "2025-12-29T14:53:49.929756-05:00",
        "duration": 447452900
      },
      {
        "command-line": "C:\\Users\\TracyChrisinger\\.blackduck\\bridge\\tools\\cov-thin-client\\2025.9.1\\bin\\cov-configure -c C:\\Spades\\.bridge\\polaris_coverity_capture\\2025.9.1\\idir\\coverity-cli\\buildless-compiler-configs\\coverity_config.xml --python",
        "cwd": "C:\\Spades",
        "env": {
          "COVERITY_CACHE_API_TOKEN_FILE": "C:\\Users\\TRACYC~1\\AppData\\Local\\Temp\\polaris_coverity_cache1118180807\\.authKey",
          "COVERITY_CACHE_KEY": "ef468091-28be-476c-af46-8f189bc496e7",
          "COVERITY_CACHE_URL": "https://poc.polaris.blackduck.com/api/cache",
          "COVERITY_CLI_CAPTURE_ZIP_ARCHIVE": "C:\\Spades\\.bridge\\polaris_coverity_capture\\idir.zip",
          "COVERITY_CLI_POLARIS_CLIENT": "true",
          "COVERITY_CLI_POLARIS_SIGMA": "C:\\Users\\TracyChrisinger\\.blackduck\\bridge\\tools\\sigma\\2025.11.0\\sigma.exe",
          "COVERITY_CONNECT_USER_NAME": "tjchrisi",
          "COVERITY_CONNECT_USER_PASSWORD": "HP912dj!@#$%^",
          "COVERITY_NO_LOG_ENVIRONMENT_VARIABLES": "1"
        },
        "stdout-tail": [
          "",
          "Generated coverity_config.xml at location C:/Spades/.bridge/polaris_coverity_capture/2025.9.1/idir/coverity-cli/buildless-compiler-configs/coverity_config.xml",
          "Successfully generated configuration for the buildless capture patterns: capture-config-files python"
        ],
        "start-time": "2025-12-29T14:53:49.929756-05:00",
        "end-time": "2025-12-29T14:53:50.3720999-05:00",
        "duration": 442343900
      },
      {
        "command-line": "C:\\Users\\TracyChrisinger\\.blackduck\\bridge\\tools\\cov-thin-client\\2025.9.1\\bin\\cov-configure -c C:\\Spades\\.bridge\\polaris_coverity_capture\\2025.9.1\\idir\\coverity-cli\\buildless-compiler-configs\\coverity_config.xml --ruby",
        "cwd": "C:\\Spades",
        "env": {
          "COVERITY_CACHE_API_TOKEN_FILE": "C:\\Users\\TRACYC~1\\AppData\\Local\\Temp\\polaris_coverity_cache1118180807\\.authKey",
          "COVERITY_CACHE_KEY": "ef468091-28be-476c-af46-8f189bc496e7",
          "COVERITY_CACHE_URL": "https://poc.polaris.blackduck.com/api/cache",
          "COVERITY_CLI_CAPTURE_ZIP_ARCHIVE": "C:\\Spades\\.bridge\\polaris_coverity_capture\\idir.zip",
          "COVERITY_CLI_POLARIS_CLIENT": "true",
          "COVERITY_CLI_POLARIS_SIGMA": "C:\\Users\\TracyChrisinger\\.blackduck\\bridge\\tools\\sigma\\2025.11.0\\sigma.exe",
          "COVERITY_CONNECT_USER_NAME": "tjchrisi",
          "COVERITY_CONNECT_USER_PASSWORD": "HP912dj!@#$%^",
          "COVERITY_NO_LOG_ENVIRONMENT_VARIABLES": "1"
        },
        "stdout-tail": [
          "",
          "Generated coverity_config.xml at location C:/Spades/.bridge/polaris_coverity_capture/2025.9.1/idir/coverity-cli/buildless-compiler-configs/coverity_config.xml",
          "Successfully generated configuration for the buildless capture patterns: capture-config-files ruby"
        ],
        "start-time": "2025-12-29T14:53:50.3720999-05:00",
        "end-time": "2025-12-29T14:53:50.8114684-05:00",
        "duration": 439368500
      },
      {
        "command-line": "C:\\Users\\TracyChrisinger\\.blackduck\\bridge\\tools\\cov-thin-client\\2025.9.1\\bin\\cov-configure -c C:\\Spades\\.bridge\\polaris_coverity_capture\\2025.9.1\\idir\\coverity-cli\\buildless-compiler-configs\\coverity_config.xml --comptype capture-config-files --file-regex $capture-config-files$ --template",
        "cwd": "C:\\Spades",
        "env": {
          "COVERITY_CACHE_API_TOKEN_FILE": "C:\\Users\\TRACYC~1\\AppData\\Local\\Temp\\polaris_coverity_cache1118180807\\.authKey",
          "COVERITY_CACHE_KEY": "ef468091-28be-476c-af46-8f189bc496e7",
          "COVERITY_CACHE_URL": "https://poc.polaris.blackduck.com/api/cache",
          "COVERITY_CLI_CAPTURE_ZIP_ARCHIVE": "C:\\Spades\\.bridge\\polaris_coverity_capture\\idir.zip",
          "COVERITY_CLI_POLARIS_CLIENT": "true",
          "COVERITY_CLI_POLARIS_SIGMA": "C:\\Users\\TracyChrisinger\\.blackduck\\bridge\\tools\\sigma\\2025.11.0\\sigma.exe",
          "COVERITY_CONNECT_USER_NAME": "tjchrisi",
          "COVERITY_CONNECT_USER_PASSWORD": "HP912dj!@#$%^",
          "COVERITY_NO_LOG_ENVIRONMENT_VARIABLES": "1"
        },
        "stderr-tail": [
          "[WARNING] Configuration already exists for file regex $capture-config-files$",
          "          and it will not be updated."
        ],
        "start-time": "2025-12-29T14:53:50.8114684-05:00",
        "end-time": "2025-12-29T14:53:50.8664321-05:00",
        "duration": 54963700
      },
      {
        "command-line": "C:\\Users\\TracyChrisinger\\.blackduck\\bridge\\tools\\cov-thin-client\\2025.9.1\\bin\\cov-internal-capture-files --dir C:\\Spades\\.bridge\\polaris_coverity_capture\\2025.9.1\\idir -c C:\\Spades\\.bridge\\polaris_coverity_capture\\2025.9.1\\idir\\coverity-cli\\buildless-compiler-configs\\coverity_config.xml --ticker-mode none --append-log --capture-list-file C:\\Spades\\.bridge\\polaris_coverity_capture\\2025.9.1\\idir\\coverity-cli\\capture-file-list-1871622266 --record-with-source",
        "cwd": "C:\\Spades",
        "env": {
          "COVERITY_CACHE_API_TOKEN_FILE": "C:\\Users\\TRACYC~1\\AppData\\Local\\Temp\\polaris_coverity_cache1118180807\\.authKey",
          "COVERITY_CACHE_KEY": "ef468091-28be-476c-af46-8f189bc496e7",
          "COVERITY_CACHE_URL": "https://poc.polaris.blackduck.com/api/cache",
          "COVERITY_CLI_CAPTURE_ZIP_ARCHIVE": "C:\\Spades\\.bridge\\polaris_coverity_capture\\idir.zip",
          "COVERITY_CLI_POLARIS_CLIENT": "true",
          "COVERITY_CLI_POLARIS_SIGMA": "C:\\Users\\TracyChrisinger\\.blackduck\\bridge\\tools\\sigma\\2025.11.0\\sigma.exe",
          "COVERITY_CONNECT_USER_NAME": "tjchrisi",
          "COVERITY_CONNECT_USER_PASSWORD": "HP912dj!@#$%^",
          "COVERITY_NO_LOG_ENVIRONMENT_VARIABLES": "1"
        },
        "stdout-tail": [
          "[INFO] Buildless capture started.",
          "[INFO] Emitting 25 Files.",
          "[INFO] Buildless capture completed."
        ],
        "start-time": "2025-12-29T14:53:51.1570694-05:00",
        "end-time": "2025-12-29T14:54:01.5400564-05:00",
        "duration": 10382987000
      },
      {
        "command-line": "C:\\Users\\TracyChrisinger\\.blackduck\\bridge\\tools\\cov-thin-client\\2025.9.1\\bin\\cov-manage-emit --dir C:\\Spades\\.bridge\\polaris_coverity_capture\\2025.9.1\\idir list-capture-diagnostics",
        "cwd": "C:\\Spades",
        "env": {
          "COVERITY_CACHE_API_TOKEN_FILE": "C:\\Users\\TRACYC~1\\AppData\\Local\\Temp\\polaris_coverity_cache1118180807\\.authKey",
          "COVERITY_CACHE_KEY": "ef468091-28be-476c-af46-8f189bc496e7",
          "COVERITY_CACHE_URL": "https://poc.polaris.blackduck.com/api/cache",
          "COVERITY_CLI_CAPTURE_ZIP_ARCHIVE": "C:\\Spades\\.bridge\\polaris_coverity_capture\\idir.zip",
          "COVERITY_CLI_POLARIS_CLIENT": "true",
          "COVERITY_CLI_POLARIS_SIGMA": "C:\\Users\\TracyChrisinger\\.blackduck\\bridge\\tools\\sigma\\2025.11.0\\sigma.exe",
          "COVERITY_CONNECT_USER_NAME": "tjchrisi",
          "COVERITY_CONNECT_USER_PASSWORD": "HP912dj!@#$%^",
          "COVERITY_NO_LOG_ENVIRONMENT_VARIABLES": "1"
        },
        "stdout-tail": [
          "        \"id\" : 25,",
          "        \"source-language\" : \"Python 3\",",
          "        \"capture-percentage\" : 100,",
          "        \"had-failures\" : false,",
          "        \"had-recoverable-errors\" : false,",
          "        \"had-abstract-syntax-trees\" : true",
          "      }",
          "    }",
          "  ]",
          "}"
        ],
        "start-time": "2025-12-29T14:54:01.5421915-05:00",
        "end-time": "2025-12-29T14:54:01.6342687-05:00",
        "duration": 92077200
      },
      {
        "command-line": "C:\\Users\\TracyChrisinger\\.blackduck\\bridge\\tools\\cov-thin-client\\2025.9.1\\bin\\cov-run-sigma --project-dir C:\\Spades --dir C:\\Spades\\.bridge\\polaris_coverity_capture\\2025.9.1\\idir --coverity-config C:\\Users\\TRACYC~1\\AppData\\Local\\Temp\\cov-run-sigma-config-1019369023\\coverity.yaml --sigma-binary-path C:\\Users\\TracyChrisinger\\.blackduck\\bridge\\tools\\sigma\\2025.11.0\\sigma.exe --enable-telemetry",
        "cwd": "C:\\Spades",
        "env": {
          "COVERITY_CACHE_API_TOKEN_FILE": "C:\\Users\\TRACYC~1\\AppData\\Local\\Temp\\polaris_coverity_cache1118180807\\.authKey",
          "COVERITY_CACHE_KEY": "ef468091-28be-476c-af46-8f189bc496e7",
          "COVERITY_CACHE_URL": "https://poc.polaris.blackduck.com/api/cache",
          "COVERITY_CLI_CAPTURE_ZIP_ARCHIVE": "C:\\Spades\\.bridge\\polaris_coverity_capture\\idir.zip",
          "COVERITY_CLI_POLARIS_CLIENT": "true",
          "COVERITY_CLI_POLARIS_SIGMA": "C:\\Users\\TracyChrisinger\\.blackduck\\bridge\\tools\\sigma\\2025.11.0\\sigma.exe",
          "COVERITY_CONNECT_USER_NAME": "tjchrisi",
          "COVERITY_CONNECT_USER_PASSWORD": "HP912dj!@#$%^",
          "COVERITY_NO_LOG_ENVIRONMENT_VARIABLES": "1"
        },
        "stdout-tail": [
          "cov-run-sigma version 2025.9.1 on Windows 11 Enterprise, 64-bit (build 26100)",
          "Internal version numbers: ea39687f36 p-2025.9-push-60",
          ""
        ],
        "start-time": "2025-12-29T14:54:01.6368967-05:00",
        "end-time": "2025-12-29T14:54:12.4999076-05:00",
        "duration": 10863010900
      },
      {
        "command-line": "C:\\Users\\TracyChrisinger\\.blackduck\\bridge\\tools\\cov-thin-client\\2025.9.1\\bin\\cov-manage-emit --dir C:\\Spades\\.bridge\\polaris_coverity_capture\\2025.9.1\\idir list-capture-diagnostics",
        "cwd": "C:\\Spades",
        "env": {
          "COVERITY_CACHE_API_TOKEN_FILE": "C:\\Users\\TRACYC~1\\AppData\\Local\\Temp\\polaris_coverity_cache1118180807\\.authKey",
          "COVERITY_CACHE_KEY": "ef468091-28be-476c-af46-8f189bc496e7",
          "COVERITY_CACHE_URL": "https://poc.polaris.blackduck.com/api/cache",
          "COVERITY_CLI_CAPTURE_ZIP_ARCHIVE": "C:\\Spades\\.bridge\\polaris_coverity_capture\\idir.zip",
          "COVERITY_CLI_POLARIS_CLIENT": "true",
          "COVERITY_CLI_POLARIS_SIGMA": "C:\\Users\\TracyChrisinger\\.blackduck\\bridge\\tools\\sigma\\2025.11.0\\sigma.exe",
          "COVERITY_CONNECT_USER_NAME": "tjchrisi",
          "COVERITY_CONNECT_USER_PASSWORD": "HP912dj!@#$%^",
          "COVERITY_NO_LOG_ENVIRONMENT_VARIABLES": "1"
        },
        "stdout-tail": [
          "        \"id\" : 42,",
          "        \"source-language\" : \"Text data\",",
          "        \"capture-percentage\" : 100,",
          "        \"had-failures\" : false,",
          "        \"had-recoverable-errors\" : false,",
          "        \"had-abstract-syntax-trees\" : false",
          "      }",
          "    }",
          "  ]",
          "}"
        ],
        "start-time": "2025-12-29T14:54:12.6644169-05:00",
        "end-time": "2025-12-29T14:54:12.7800758-05:00",
        "duration": 115658900
      }
    ]
  },
  "analysis": {
    "configuration": {}
  }
}
